{"cameraMode":{"drawMode":0,"name":"Shaded","section":"Shading Mode"},"sceneLighting":false,"audioPlay":false,"sceneViewState":{"showFog":true,"showMaterialUpdate":false,"showSkybox":false,"showFlares":true,"showImageEffects":true,"showParticleSystems":true,"showVisualEffectGraphs":true},"in2DMode":false,"pivot":{"x":0.4495375156402588,"y":3.2115726470947267,"z":0.0017099380493164063},"rotation":{"x":0.26192906498908999,"y":-0.65042644739151,"z":0.25602513551712038,"w":0.6654253005981445},"size":21.416200637817384,"orthographic":true}